scope,dimension_code,dimension,n_items,available_judges,panel_size,judge_subsets_evaluated,mean_vs_full_spearman_median,mean_vs_full_spearman_p025,mean_vs_full_spearman_p975,mean_vs_full_spearman_valid_subsets,mean_vs_full_mae_median,mean_vs_full_mae_p025,mean_vs_full_mae_p975,mean_vs_full_mae_valid_subsets,alpha_interval_median,alpha_interval_p025,alpha_interval_p975,alpha_interval_valid_subsets,icc_ak_median,icc_ak_p025,icc_ak_p975,icc_ak_valid_subsets,kendall_w_median,kendall_w_p025,kendall_w_p975,kendall_w_valid_subsets
all810,fa,事实准确性,810,9,1,9,0.6803825728530414,0.5463968278733669,0.7681838100277278,9,0.5581618655692729,0.40038408779149515,0.7820576131687242,9,,,,0,,,,0,,,,0
all810,fa,事实准确性,810,9,2,36,0.8132518409166056,0.729635482176777,0.8568882769841323,36,0.3619684499314129,0.2948731138545953,0.48725137174211247,36,0.29203377683814863,-0.057972124580904894,0.4746991456315812,36,0.49365493734144805,0.3648836237523066,0.6697822466045698,36,0.7051524267015377,0.6201302056405804,0.7905661456395567,36
all810,fa,事实准确性,810,9,3,84,0.8702263415588989,0.8247609542167328,0.9034127516785174,84,0.2733882030178326,0.22776063100137175,0.38326131687242804,84,0.30856202188138077,0.1485319921030082,0.44502917341837306,84,0.6056040231386308,0.4778729911508091,0.7117076378834761,84,0.6046747952216034,0.5228309244969271,0.687472061021642,84
all810,fa,事实准确性,810,9,4,126,0.9135398723857786,0.8871327597708986,0.9385439358104787,126,0.21654663923182443,0.18446502057613162,0.3057141632373114,126,0.3112568859033133,0.20245788221152433,0.4186630286139933,126,0.6660085228476592,0.5751274824375112,0.7479684500812527,126,0.5538256102103548,0.48404585242478165,0.6389635586250363,126
all810,fa,事实准确性,810,9,5,126,0.9410801041040996,0.9234193252413632,0.9623729399350148,126,0.1732373113854595,0.14757201646090537,0.2445713305898491,126,0.3157440634708405,0.23767452140504353,0.38575313554415275,126,0.7146198393145763,0.6565371949052351,0.7713938756289653,126,0.5283351302732633,0.46933387835321916,0.6006635641745683,126
all810,fa,事实准确性,810,9,6,84,0.9613523831575769,0.9470930552537696,0.9777466338350237,84,0.1366941015089163,0.11388031550068586,0.19163065843621402,84,0.3162299405320648,0.2609669803947004,0.38254984899192185,84,0.7506772680687872,0.7053996485034488,0.7958787511596934,84,0.5089907957396976,0.46289564163354113,0.5706383001996238,84
all810,fa,事实准确性,810,9,7,36,0.9766964211377485,0.9643120335317037,0.9895174304888972,36,0.10341955712326083,0.084249461101313,0.13921467764060358,36,0.3205941128965913,0.2811709523848235,0.35791259851279245,36,0.7777214922257188,0.7494493332151017,0.805804591633823,36,0.49041395250925923,0.4621102169423411,0.5372275818997908,36
all810,fa,事实准确性,810,9,8,9,0.9889104282900926,0.9812841902148678,0.9964107321754218,9,0.06977023319615916,0.05004801097393692,0.09775720164609054,9,0.31610935782030636,0.300451185503873,0.34105847384510957,9,0.7980606099283133,0.7860546828298507,0.8117932424068662,9,0.4822018756372014,0.46526070560305105,0.5123512200458253,9
all810,fa,事实准确性,810,9,9,1,1.0,1.0,1.0,1,0.0,0.0,0.0,1,0.32194217101752054,0.32194217101752054,0.32194217101752054,1,0.818657994120635,0.818657994120635,0.818657994120635,1,0.4764014764497498,0.4764014764497498,0.4764014764497498,1
all810,cc,概念完整性,810,9,1,9,0.7328012862454935,0.5402167664470618,0.799560924138938,9,0.540877914951989,0.39089163237311386,0.8642798353909464,9,,,,0,,,,0,,,,0
all810,cc,概念完整性,810,9,2,36,0.8344408054038956,0.6935782194854554,0.8838283979999227,36,0.3361111111111111,0.25143175582990396,0.5716649519890261,36,0.27461689810393947,-0.21717578819610045,0.5266520467979231,36,0.49304080105637915,0.2797489089367577,0.7003123701732571,36,0.7123990404163008,0.6289078911706261,0.8185678025895813,36
all810,cc,概念完整性,810,9,3,84,0.8951588904977474,0.8180407616003142,0.9243080528302345,84,0.2444444444444444,0.18626543209876545,0.4485905349794238,84,0.26316744750602367,0.026763466743355748,0.4661531654697735,84,0.580946510092569,0.4214234505515216,0.7377809507735821,84,0.6204677676668349,0.5315719164506065,0.7327516475769423,84
all810,cc,概念完整性,810,9,4,126,0.9298242109287068,0.8872737453209449,0.9454683371173765,126,0.19921124828532233,0.1561642661179698,0.35830332647462276,126,0.2632504301724629,0.125217914228649,0.4245735681195615,126,0.6436533550478123,0.5365336084771979,0.763674892940308,126,0.5765483073785662,0.4969129589710559,0.6758528626456493,126
all810,cc,概念完整性,810,9,5,126,0.9527177334896758,0.93114200675571,0.9642627265996867,126,0.15936899862825787,0.12493141289437586,0.2866426611796982,126,0.26616793127408495,0.1728272961642594,0.3908516301151297,126,0.6918163347677002,0.6085507619263355,0.771194381848652,126,0.5509554154333877,0.48243734332952337,0.6402165871542933,126
all810,cc,概念完整性,810,9,6,84,0.9691994402371088,0.9580917736685034,0.9793446241600728,84,0.12222222222222223,0.09313271604938272,0.2242952674897119,84,0.27135656121864604,0.20355507299743447,0.3615796193757772,84,0.7274674882930976,0.6726424186505777,0.7850491698921176,84,0.5356907454031238,0.4842721424299761,0.6095214759947921,84
all810,cc,概念完整性,810,9,7,36,0.9814826045583316,0.9729932942612345,0.9903777357584093,36,0.09603174603174608,0.07183764452282976,0.16333284342543603,36,0.2785890792634911,0.22946249541245425,0.339440571585577,36,0.756865147369915,0.7181632335070507,0.7961529272799,36,0.5204020565058568,0.4884977772888068,0.5753908217271273,36
all810,cc,概念完整性,810,9,8,9,0.992384747494958,0.9861942255646129,0.9968111793521808,9,0.06760973936899861,0.04886145404663919,0.1080349794238683,9,0.2839452637456946,0.2543295276362351,0.3175873473163039,9,0.7830351934617839,0.7601236548201185,0.801993587265214,9,0.5114059168818468,0.4955033853905936,0.5451344417471974,9
all810,cc,概念完整性,810,9,9,1,1.0,1.0,1.0,1,0.0,0.0,0.0,1,0.2845247681962788,0.2845247681962788,0.2845247681962788,1,0.800048783329647,0.800048783329647,0.800048783329647,1,0.5070597564325857,0.5070597564325857,0.5070597564325857,1
all810,lc,语言清晰度,810,9,1,9,0.618112781240613,0.5051423229155764,0.7834794243337803,9,0.4174211248285322,0.3594787379972565,1.1320164609053496,9,,,,0,,,,0,,,,0
all810,lc,语言清晰度,810,9,2,36,0.7568864818473358,0.6781544663876318,0.8738219174294243,36,0.31728395061728387,0.24418724279835383,0.6603909465020577,36,0.298358593237819,-0.369255704303301,0.5341120747546464,36,0.49572010959653956,0.19854017466743465,0.6983794108496176,36,0.6886561707520281,0.6172132951551317,0.7711802043622851,36
all810,lc,语言清晰度,810,9,3,84,0.8355951845736852,0.7779238064363848,0.9167100747409312,84,0.25939643347050756,0.1999622770919067,0.4185150891632374,84,0.2874864893739477,-0.08727721406082467,0.4783537228047329,84,0.5578875038549336,0.3338088893216475,0.7364284413734201,84,0.5878033266937375,0.5089920162715155,0.6778414595738085,84
all810,lc,语言清晰度,810,9,4,126,0.8956698578499683,0.827213087379145,0.9453548139213535,126,0.21294581618655692,0.1661951303155006,0.3017661179698217,126,0.265504528977662,0.02344677529319325,0.45236737703861385,126,0.6052751946091046,0.42463886032491127,0.7718439764747548,126,0.5388040833626632,0.4717415028515,0.6124053757515624,126
all810,lc,语言清晰度,810,9,5,126,0.9295468236162405,0.8697989074097187,0.9661005910129112,126,0.1703566529492455,0.13295610425240062,0.24141289437585725,126,0.15809085988848698,0.08932421592690289,0.43176075134112624,126,0.6011283836776686,0.5227905389184403,0.7935379943579414,126,0.5084959756941565,0.45224006092020264,0.5689641117950002,126
all810,lc,语言清晰度,810,9,6,84,0.9521257954742862,0.90987354237042,0.9827105217942516,84,0.1296982167352537,0.09998113854595342,0.20925754458161858,84,0.16964466011859097,0.13602998556104837,0.40964693170540434,84,0.6414836093183551,0.5973950227963372,0.8085212185226148,84,0.489267780994878,0.44690636046914006,0.5417461518638518,84
all810,lc,语言清晰度,810,9,7,36,0.9735059805994448,0.9397909914778584,0.9917845476206038,36,0.09065255731922406,0.06976778365667262,0.18868312757201638,36,0.19128280404395592,0.16664756012429302,0.3552599638031405,36,0.6834055587950794,0.6554349580089293,0.7978864557723995,36,0.4737357602215321,0.4418104874996489,0.5095450889451522,36
all810,lc,语言清晰度,810,9,8,9,0.9900081647402666,0.9694064179408666,0.9973646414884904,9,0.052177640603566576,0.044934842249657124,0.1415020576131687,9,0.20079317010202158,0.19406519461493654,0.3126032413147558,9,0.7137094988946503,0.7061039343658555,0.7905631768168273,9,0.4611342188076797,0.4472112766432141,0.4848288255653556,9
all810,lc,语言清晰度,810,9,9,1,1.0,1.0,1.0,1,0.0,0.0,0.0,1,0.2163658034958481,0.2163658034958481,0.2163658034958481,1,0.7464391405781582,0.7464391405781582,0.7464391405781582,1,0.45464863339104045,0.45464863339104045,0.45464863339104045,1
all810,tf,任务符合度,810,9,1,9,0.756425329923516,0.4102996076543821,0.8031764806554679,9,0.488477366255144,0.4439231824417009,1.1741838134430727,9,,,,0,,,,0,,,,0
all810,tf,任务符合度,810,9,2,36,0.8411735949695849,0.7045485821724907,0.8750894258989981,36,0.4059327846364883,0.3016803840877914,0.6274691358024692,36,0.4162792709722759,-0.12329325465080548,0.7015448499339064,36,0.6077017936597178,0.1672048125895769,0.824981020324342,36,0.7712205291174261,0.5414775469008776,0.8537278176758989,36
all810,tf,任务符合度,810,9,3,84,0.8902425650825732,0.8244779884582117,0.9159313996083414,84,0.3203703703703704,0.23541152263374485,0.4597976680384088,84,0.30829811323685846,0.007079860028002551,0.6250289668081476,84,0.6425229120806766,0.34052211777491925,0.8376667143371576,84,0.6736952196729948,0.4859011842088837,0.7921592450498686,84
all810,tf,任务符合度,810,9,4,126,0.9216209453465602,0.8876036339002228,0.9444341753197911,126,0.25150891632373107,0.20165037722908097,0.3337662894375858,126,0.3360737255309666,0.12464079905519357,0.6085497494964561,126,0.699564707944548,0.5048865885247795,0.8638149151670442,126,0.6275239392760943,0.4837098450979949,0.744082387414643,126
all810,tf,任务符合度,810,9,5,126,0.9461364047837891,0.9209260214359333,0.9652598696263616,126,0.20120713305898486,0.1613203017832647,0.2670130315500685,126,0.3568704810177933,0.20020642939540317,0.5802879945722204,126,0.754034988883362,0.619730436740536,0.8751024031483232,126,0.555556086944538,0.4881874781733036,0.7086689453354842,126
all810,tf,任务符合度,810,9,6,84,0.9649160102784862,0.9453496294669361,0.980687527972591,84,0.16018518518518515,0.11770576131687248,0.2298988340192043,84,0.3685821291280255,0.24354211409550988,0.5273704735208673,84,0.7864493066129687,0.699611242093452,0.8715851347424695,84,0.5468665607387981,0.4964756687337536,0.6760832206495576,84
all810,tf,任务符合度,810,9,7,36,0.9794464926292341,0.9608995053497585,0.9920345959487944,36,0.11598079561042529,0.08619439545365477,0.17927689594356255,36,0.3302942082591909,0.28624088304606143,0.45940734579578335,36,0.7939559485696057,0.7595238691489152,0.861822328673282,36,0.5298252218232844,0.5074760771575956,0.6453429080809451,36
all810,tf,任务符合度,810,9,8,9,0.9897099679319412,0.978482445827905,0.997988488529146,9,0.061059670781893054,0.05549039780521266,0.14677297668038408,9,0.3419614368421381,0.31971866472403276,0.4278037598196659,9,0.81860472143504,0.8041759905207777,0.8628054360711216,9,0.5294920034114449,0.5207132330527734,0.60979494175953,9
all810,tf,任务符合度,810,9,9,1,1.0,1.0,1.0,1,0.0,0.0,0.0,1,0.3567228502653331,0.3567228502653331,0.3567228502653331,1,0.8418379239307111,0.8418379239307111,0.8418379239307111,1,0.5356824709314462,0.5356824709314462,0.5356824709314462,1
all810,mq,误解处理质量,810,9,1,9,0.7385860731446522,0.4369342650982782,0.7733768015084391,9,0.6868312757201648,0.4716323731138546,1.0332510288065844,9,,,,0,,,,0,,,,0
all810,mq,误解处理质量,810,9,2,36,0.8341758531629777,0.6291196669450188,0.8717505944715932,36,0.4416323731138546,0.31977880658436214,0.6386831275720164,36,0.3255826694305048,-0.2018097684630823,0.5488258709015553,36,0.5466038352155264,0.08670767864150107,0.7145688447887183,36,0.7554859949682641,0.517551608679904,0.8241176047856981,36
all810,mq,误解处理质量,810,9,3,84,0.8844106772397428,0.7827878401640549,0.9115391545834272,84,0.3421810699588478,0.25662551440329223,0.5056927297668038,84,0.2821376969150253,0.019570523278705818,0.4988679461055815,84,0.6232530773008239,0.29045314503710057,0.7588798584282804,84,0.6542067652046176,0.4859889035213263,0.7396505557982619,84
all810,mq,误解处理质量,810,9,4,126,0.9106729029617173,0.8593779641182802,0.9365609629012985,126,0.25968792866941015,0.21583504801097392,0.40102451989026067,126,0.27259543491816174,0.10873181886384746,0.46371184254325337,126,0.6542116608963922,0.46700244859065154,0.7865770486220768,126,0.6069543770996284,0.46696335336585837,0.6886957972151699,126
all810,mq,误解处理质量,810,9,5,126,0.9372715972118387,0.912988714440182,0.9561421417482138,126,0.20775034293552813,0.17266803840877917,0.32081961591220853,126,0.2937485230234992,0.1700783206651144,0.4431534630371575,126,0.6932531355079425,0.5859653860977946,0.8067377281034479,126,0.5167951949670226,0.46956147500722456,0.6595085353712135,126
all810,mq,误解处理质量,810,9,6,84,0.9600042032199377,0.9415093713569835,0.9747255605645356,84,0.17109053497942386,0.12831275720164612,0.25284636488340184,84,0.3018213307304329,0.21450477621371655,0.4319611925172469,84,0.7308247812006121,0.6626305808301881,0.8254263574501407,84,0.5107305336597208,0.4775530663867349,0.6349614243727425,84
all810,mq,误解处理质量,810,9,7,36,0.977499285172053,0.9577476108998142,0.988281509694853,36,0.12618067803252986,0.09136537330981778,0.18248089359200464,36,0.28216796429497815,0.24794123101099633,0.38486718642499484,36,0.7522494467840604,0.7254294032490912,0.8247978946009545,36,0.49717443842647163,0.48578096566303275,0.6046674269853878,36
all810,mq,误解处理质量,810,9,8,9,0.9917063114173744,0.9741589584824618,0.995874916326739,9,0.08585390946502054,0.05895404663923184,0.12915637860082307,9,0.292557949563958,0.2761430596266998,0.3630508885372369,9,0.78166710201477,0.7706455338963211,0.8300622974312383,9,0.49623037817992466,0.4936361614100886,0.5722819897926053,9
all810,mq,误解处理质量,810,9,9,1,1.0,1.0,1.0,1,0.0,0.0,0.0,1,0.302993626722442,0.302993626722442,0.302993626722442,1,0.8079139603527697,0.8079139603527697,0.8079139603527697,1,0.5011890988806337,0.5011890988806337,0.5011890988806337,1
all810,risk,误导风险,810,9,1,9,0.6863301070704014,0.4830032986742412,0.7441934779386038,9,0.5558299039780521,0.38348422496570644,1.0876543209876544,9,,,,0,,,,0,,,,0
all810,risk,误导风险,810,9,2,36,0.8021540951187112,0.7139883741231412,0.8540084028469921,36,0.3781207133058985,0.251920438957476,0.641803840877915,36,0.2734712215655142,-0.35134028616724244,0.5448157695069674,36,0.45368963043418387,0.1640332924006009,0.7087764837828049,36,0.7107080877394711,0.5785540879050218,0.7731746166017196,36
all810,risk,误导风险,810,9,3,84,0.8545738211743145,0.809278116337482,0.9020272769318344,84,0.28449931412894375,0.1986522633744856,0.4545644718792868,84,0.2617622987028566,-0.0561643217100805,0.4787242655584341,84,0.5473989031789221,0.32594978051500395,0.7437075093442472,84,0.5777449325384749,0.4807733648267962,0.6791185045238776,84
all810,risk,误导风险,810,9,4,126,0.9003292991907959,0.8712115655751074,0.930542906567988,126,0.2267318244170096,0.17274519890260628,0.3555084019204389,126,0.2472720830162381,0.0472914597081668,0.4447770097799871,126,0.6113377548417221,0.40894895616888755,0.7729196993995651,126,0.5299044976870316,0.4490672766172171,0.6267878581653559,126
all810,risk,误导风险,810,9,5,126,0.9354910596263193,0.9054080245421254,0.9513644544847625,126,0.1813854595336077,0.13819615912208505,0.28440672153635116,126,0.2216485421271388,0.10897493675134784,0.4102440227833082,126,0.6550131018842075,0.5260998555667028,0.7851213147246778,126,0.5084844907339542,0.4417101057895947,0.5917151884416836,126
all810,risk,误导风险,810,9,6,84,0.958264790868375,0.9272951186961574,0.9712475822394459,84,0.14224965706447187,0.09932613168724282,0.2272822359396434,84,0.2205554323603514,0.14919991357561085,0.38826972642896795,84,0.6846574027544082,0.6069925269173876,0.7979882709382918,84,0.4923445811371503,0.43934911604093446,0.5630245495572802,84
all810,risk,误导风险,810,9,7,36,0.9752509475961713,0.9612917331124091,0.9856448626755683,36,0.10803448951597097,0.07197726827356454,0.1833725259651186,36,0.2277978500938027,0.18682848427963022,0.36339462624732854,36,0.7172670956226019,0.6758403001634197,0.8067128834525837,36,0.45864944750805603,0.438705566749331,0.5141855428729966,36
all810,risk,误导风险,810,9,8,9,0.9908530592138197,0.9783723052841403,0.9949294744961042,9,0.06947873799725651,0.04793552812071329,0.1359567901234568,9,0.23964160320954886,0.2186768034513377,0.3270081214328772,9,0.7460637643939131,0.7285929816589809,0.8037279339994772,9,0.4539998710882156,0.4431881951524581,0.4954879543687816,9
all810,risk,误导风险,810,9,9,1,1.0,1.0,1.0,1,0.0,0.0,0.0,1,0.2504432945103342,0.2504432945103342,0.2504432945103342,1,0.7735130710203489,0.7735130710203489,0.7735130710203489,1,0.4523229504301884,0.4523229504301884,0.4523229504301884,1
broad180,fa,事实准确性,180,9,1,9,0.6084678556480048,0.45688573266078186,0.7414268868944088,9,0.5833333333333334,0.42962962962962964,0.7837037037037038,9,,,,0,,,,0,,,,0
broad180,fa,事实准确性,180,9,2,36,0.769599678363551,0.634637905021853,0.8350769760785889,36,0.37268518518518523,0.30104166666666665,0.5101466049382717,36,0.22453461392145457,-0.10538224819310979,0.41086859141474924,36,0.4496841163996873,0.25504954066399343,0.592258015120638,36,0.6713137245071095,0.5696722525681205,0.7644354826560088,36
broad180,fa,事实准确性,180,9,3,84,0.8380562645952193,0.7474803992083472,0.8818776766512467,84,0.282716049382716,0.2342746913580247,0.39179012345679015,84,0.24865348394706788,0.09232053287407162,0.3728658728598611,84,0.5426788301905794,0.4165569173953286,0.6540795785855074,84,0.5497483019931918,0.476821281113368,0.6590499213285429,84
broad180,fa,事实准确性,180,9,4,126,0.8886325932840022,0.8260352990910723,0.9296168803158144,126,0.2244598765432098,0.18969907407407405,0.3157021604938272,126,0.252300661291843,0.15036476784541597,0.34501068147565545,126,0.6062222436234366,0.5154634586013432,0.6925112198723802,126,0.496258695225119,0.42842342458090515,0.5890619840064961,126
broad180,fa,事实准确性,180,9,5,126,0.9209072310694981,0.8840904067489911,0.9545363714312898,126,0.17956790123456795,0.15175925925925926,0.2525617283950617,126,0.2571130299443216,0.17826412028709965,0.31844064837916564,126,0.6581251255117216,0.5888229320111549,0.7222191711233213,126,0.46470882021077137,0.40202987876274787,0.5432497418334319,126
broad180,fa,事实准确性,180,9,6,84,0.949481842232667,0.9174504693319462,0.9707458010896911,84,0.14135802469135805,0.11713734567901236,0.1958950617283951,84,0.25997894129103805,0.203134345477935,0.31290779437669475,84,0.6992053837365775,0.647862072231572,0.7433441685897025,84,0.442157359462511,0.39822894951062004,0.5142035044677248,84
broad180,fa,事实准确性,180,9,7,36,0.9698762634793598,0.9458303195363088,0.9866554681314565,36,0.10648148148148143,0.08601190476190479,0.14575617283950607,36,0.25998542221292975,0.22872015823416486,0.29631213124710004,36,0.7328698432946796,0.7020669326385542,0.76058973462013,36,0.4281172216239437,0.3898452060913553,0.4814620596664753,36
broad180,fa,事实准确性,180,9,8,9,0.9847815587127855,0.9727023294461284,0.995009267201311,9,0.07291666666666671,0.05370370370370373,0.097962962962963,9,0.26389462285775445,0.24272376902178755,0.28061176442322056,9,0.7585608292705881,0.7382990590401634,0.7711127816020638,9,0.4191101899117023,0.3982446018086161,0.44947213467061226,9
broad180,fa,事实准确性,180,9,9,1,1.0,1.0,1.0,1,0.0,0.0,0.0,1,0.26542325355471164,0.26542325355471164,0.26542325355471164,1,0.7776873244697149,0.7776873244697149,0.7776873244697149,1,0.40969429910523963,0.40969429910523963,0.40969429910523963,1
broad180,cc,概念完整性,180,9,1,9,0.6934804077106564,0.5091200158393469,0.7824278861499255,9,0.5172839506172839,0.38777777777777783,0.8904938271604939,9,,,,0,,,,0,,,,0
broad180,cc,概念完整性,180,9,2,36,0.8147260960111584,0.6774658957322313,0.8754695323420981,36,0.3537037037037037,0.26134259259259257,0.5996913580246913,36,0.2337881972385662,-0.2831714853242211,0.5061076556639329,36,0.43454364126705025,0.22509238412535926,0.6880848347956353,36,0.6990617043859747,0.5959510235924643,0.8091319560453242,36
broad180,cc,概念完整性,180,9,3,84,0.8714620897937058,0.8002830349957454,0.9120353995479438,84,0.253395061728395,0.18836419753086417,0.4625617283950617,84,0.20045799885492382,-0.03280970038428961,0.4257862101945313,84,0.5237797039820689,0.35592230774618816,0.7187932276292329,84,0.5922306761232704,0.48562108347003585,0.7101391807739557,84
broad180,cc,概念完整性,180,9,4,126,0.9124933721629047,0.8661599828575001,0.9351222442854245,126,0.20679012345679013,0.1570601851851852,0.37719907407407405,126,0.21361332882376993,0.06645400405777707,0.3779869512806832,126,0.5965679588135373,0.46990849570683346,0.7320436753524937,126,0.54244753095266,0.45746434174331746,0.652589397880557,126
broad180,cc,概念完整性,180,9,5,126,0.9396798925295049,0.9119966497719703,0.9599852525354785,126,0.16543209876543208,0.12564814814814815,0.30175925925925917,126,0.2173498720429039,0.11579931812517154,0.34771991769777655,126,0.6415280663554099,0.5394969863859567,0.7402364153764065,126,0.5151653351374437,0.4459774396359615,0.6110660338150988,126
broad180,cc,概念完整性,180,9,6,84,0.9598917700656907,0.9447722974036034,0.9775224464657182,84,0.12669753086419752,0.09418209876543208,0.23128086419753086,84,0.22218964499243654,0.15280665645336222,0.3244249463426127,84,0.683779568393568,0.6104615550114413,0.7574349796134339,84,0.4979989450550494,0.44430072971828255,0.5753812761712354,84
broad180,cc,概念完整性,180,9,7,36,0.9751308663110929,0.9603964137167744,0.9889950004779051,36,0.1010582010582011,0.07466931216931222,0.17134038800705467,36,0.2306403539368328,0.179965757282613,0.2934106366134196,36,0.7138950277284428,0.666862462990607,0.764436791574581,36,0.47754276467834833,0.4450505485534884,0.5339723024278059,36
broad180,cc,概念完整性,180,9,8,9,0.9898202165964537,0.9778797658814654,0.9962199331150374,9,0.06466049382716046,0.04847222222222218,0.11131172839506172,9,0.23445087156309907,0.20404036989962163,0.26997675161082374,9,0.742931287827985,0.7144354752477191,0.7669918253122805,9,0.4681187890012113,0.45197936339022704,0.5068645627479801,9
broad180,cc,概念完整性,180,9,9,1,1.0,1.0,1.0,1,0.0,0.0,0.0,1,0.23738197885174872,0.23738197885174872,0.23738197885174872,1,0.7635882267433575,0.7635882267433575,0.7635882267433575,1,0.46491236776203193,0.46491236776203193,0.46491236776203193,1
broad180,lc,语言清晰度,180,9,1,9,0.6196329457097266,0.4438711528536919,0.7716585027128159,9,0.4209876543209876,0.3498765432098765,1.1062962962962961,9,,,,0,,,,0,,,,0
broad180,lc,语言清晰度,180,9,2,36,0.7308795411339077,0.6142962196763369,0.8635822669468853,36,0.32237654320987646,0.23653549382716044,0.6744984567901234,36,0.20773276040212757,-0.4192260315093836,0.48491903936653874,36,0.4103902166303579,0.15601852100600463,0.65453689516656,36,0.6630138601779405,0.6149579371298729,0.7578604995794186,36
broad180,lc,语言清晰度,180,9,3,84,0.8182754532852863,0.7039546833096569,0.9087850471308742,84,0.2518518518518519,0.19206790123456782,0.42652777777777784,84,0.21069027640551574,-0.15629006452832206,0.40956895680727456,84,0.48948221866510544,0.2763267459864927,0.681653517821226,84,0.559105702336834,0.49721338529586945,0.6463792543700934,84
broad180,lc,语言清晰度,180,9,4,126,0.8828384453007203,0.7731278582049264,0.9399501769832251,126,0.20385802469135794,0.14793595679012336,0.3278356481481482,126,0.20288514484724868,-0.0335227278388146,0.3761998527879925,126,0.5448727388346215,0.36030692184087254,0.7122007462828074,126,0.49971173399441243,0.4438769899610231,0.575524008750146,126
broad180,lc,语言清晰度,180,9,5,126,0.9153599887442305,0.8146113743156626,0.9654501812867099,126,0.1630864197530865,0.11834876543209884,0.26226851851851846,126,0.12583552675012277,0.034812502107714444,0.34156427935461464,126,0.5553459766374902,0.45873729234720906,0.7260444689711352,126,0.47034655387298197,0.41068386588318095,0.5261654096191174,126
broad180,lc,语言清晰度,180,9,6,84,0.9432097274641631,0.880456383218742,0.9809380223681469,84,0.12592592592592583,0.09603395061728401,0.2132638888888888,84,0.13242584297789112,0.07870423017226394,0.3139850321089829,84,0.5908521640543765,0.5331108104487496,0.7396996183969552,84,0.4477702713504773,0.40585002517792623,0.49114808532052173,84
broad180,lc,语言清晰度,180,9,7,36,0.9626756793861865,0.9124158631710445,0.9912222192574199,36,0.09210758377425052,0.06758156966490304,0.192713844797178,36,0.1426499633217826,0.11422371993687362,0.27819593640522056,36,0.6287584488357627,0.6012145938812524,0.7385327535837837,36,0.42894558140747197,0.3966985734305357,0.4627182343761998,36
broad180,lc,语言清晰度,180,9,8,9,0.9848946224637214,0.9600370083848705,0.9978993227251892,9,0.05262345679012353,0.043734567901234624,0.13828703703703701,9,0.1554990776118128,0.14334297823557804,0.24713994713224852,9,0.6639179713936761,0.6532626763505424,0.738587740144029,9,0.42565511330879874,0.4038108904588523,0.43596288318172827,9
broad180,lc,语言清晰度,180,9,9,1,1.0,1.0,1.0,1,0.0,0.0,0.0,1,0.1685047858641573,0.1685047858641573,0.1685047858641573,1,0.697309404089036,0.697309404089036,0.697309404089036,1,0.4120227055348819,0.4120227055348819,0.4120227055348819,1
broad180,tf,任务符合度,180,9,1,9,0.7106522947678346,0.34318605029631033,0.7818247811065826,9,0.5,0.42271604938271606,1.181604938271605,9,,,,0,,,,0,,,,0
broad180,tf,任务符合度,180,9,2,36,0.8109712192363525,0.6228279533284771,0.8634721551032684,36,0.41635802469135796,0.29618055555555556,0.6606095679012345,36,0.3688494089534466,-0.2134877393241344,0.6648910848100988,36,0.5472975679667195,-0.17290191495008794,0.8014142839842658,36,0.7408224545052817,0.4741252021025542,0.8422947943929766,36
broad180,tf,任务符合度,180,9,3,84,0.8682797712426412,0.7845366337064658,0.9060827261700202,84,0.31512345679012344,0.24021604938271604,0.4552006172839506,84,0.2226220707909647,-0.07380634422841882,0.5482136542747031,84,0.5811414185643979,0.20506743979316558,0.79386391476568,84,0.6449551348574716,0.4448812614443727,0.7577832814142912,84
broad180,tf,任务符合度,180,9,4,126,0.9045844327691476,0.8533495019143701,0.9346857493475749,126,0.2529320987654321,0.2033179012345679,0.3466049382716049,126,0.24763428236051682,0.05345959024142802,0.5363844611333477,126,0.6289340025640602,0.4090064901185986,0.8280154094831824,126,0.5964783335688608,0.4358617238757992,0.7057780861289283,126
broad180,tf,任务符合度,180,9,5,126,0.9348613708465188,0.8991365428507633,0.9587670963798635,126,0.20234567901234565,0.1626543209876543,0.27728395061728395,126,0.2808085270872156,0.12483740595496448,0.5164074127062819,126,0.6781730562620312,0.5290564797335184,0.8458063509753676,126,0.4867203811652864,0.43740462573598526,0.663148900836576,126
broad180,tf,任务符合度,180,9,6,84,0.956298521817997,0.932267497618783,0.9793854132329477,84,0.15756172839506172,0.12010802469135808,0.2276003086419753,84,0.296805245384,0.17377039963387997,0.45807492076386425,84,0.7275751450920513,0.6278803473592586,0.8380335197385258,84,0.4784731088292238,0.44357600349786547,0.6338070787172035,84
broad180,tf,任务符合度,180,9,7,36,0.9725863958752736,0.95262133054843,0.9905644231580499,36,0.11895943562610234,0.0846230158730159,0.1887455908289241,36,0.2534289958708962,0.21118431683003808,0.37428520123083936,36,0.7346102586492487,0.6928136417117264,0.8237789273552928,36,0.47977896780108836,0.4557031958873479,0.6048948379993011,36
broad180,tf,任务符合度,180,9,8,9,0.9895398219811214,0.9716356229486921,0.9975583789961143,9,0.06250000000000004,0.052839506172839557,0.14770061728395062,9,0.269456358301299,0.24703042359069727,0.3545298834933622,9,0.7685649198409759,0.749353911482518,0.8262822506967797,9,0.474739148000033,0.4666701161677037,0.5633404633427606,9
broad180,tf,任务符合度,180,9,9,1,1.0,1.0,1.0,1,0.0,0.0,0.0,1,0.2825807595161076,0.2825807595161076,0.2825807595161076,1,0.7959027302057574,0.7959027302057574,0.7959027302057574,1,0.480976925947749,0.480976925947749,0.480976925947749,1
broad180,mq,误解处理质量,180,9,1,9,0.6968289016609637,0.4022021704310716,0.7627040188608383,9,0.7037037037037037,0.5051851851851852,1.0718518518518518,9,,,,0,,,,0,,,,0
broad180,mq,误解处理质量,180,9,2,36,0.8161581846188708,0.5795306496503461,0.865364037642464,36,0.4575617283950618,0.3428626543209876,0.6713348765432099,36,0.30894709674349924,-0.27461012642725646,0.514530587746521,36,0.5329810392682165,-0.03912586339663225,0.6809849953925295,36,0.7292456577686905,0.4694206105018477,0.8009386158939098,36
broad180,mq,误解处理质量,180,9,3,84,0.8620419799604087,0.7335507265722527,0.9077655033432434,84,0.35555555555555557,0.2673765432098766,0.5058024691358026,84,0.24562063087614633,-0.04086843313735235,0.46027837310349073,84,0.5863400082605583,0.19434755923539565,0.7298357964750496,84,0.6421352927710595,0.4509075181303848,0.7061665764051056,84
broad180,mq,误解处理质量,180,9,4,126,0.8963366656795704,0.8227278878875135,0.9346653325028035,126,0.27337962962962964,0.2169174382716049,0.40951003086419757,126,0.23108258658968184,0.06300931026362071,0.42838274873528354,126,0.623859395001831,0.4018870520402842,0.753311984610294,126,0.5866689075135159,0.44774176000559457,0.6560828743783558,126
broad180,mq,误解处理质量,180,9,5,126,0.9264107380189274,0.8892481414129092,0.9508255940386426,126,0.21870370370370368,0.173533950617284,0.32760802469135797,126,0.255340703798962,0.12357868701826343,0.41148645749745033,126,0.662041252342386,0.5270303438769837,0.784575491029815,126,0.47932988785350095,0.44327510423864236,0.6236548351762023,126
broad180,mq,误解处理质量,180,9,6,84,0.9497664354647292,0.9264058881324894,0.9713946099379549,84,0.1777777777777778,0.1336882716049383,0.25290123456790115,84,0.27081329944932897,0.17417076858724206,0.3915202161884702,84,0.7045037705698902,0.6228163096381879,0.8060681936364337,84,0.4733912539147027,0.44881878409713033,0.5936202106673422,84
broad180,mq,误解处理质量,180,9,7,36,0.9714126628710921,0.947672888151002,0.985252145667425,36,0.13073192239858905,0.09796075837742503,0.19180996472663142,36,0.24459999780014957,0.21029268498848658,0.34641108450748137,36,0.7185763064223922,0.6889286394852354,0.8022213283446904,36,0.467566782940401,0.4544648123785682,0.5723499709154988,36
broad180,mq,误解处理质量,180,9,8,9,0.9878672563986804,0.9690854676784347,0.9956844763947413,9,0.08796296296296292,0.06314814814814818,0.13398148148148153,9,0.2528441639681762,0.24048506305640976,0.32512315215830195,9,0.7516759626314324,0.7410302769961646,0.8077388543422601,9,0.4643463362135592,0.4617975692965081,0.5388279263732704,9
broad180,mq,误解处理质量,180,9,9,1,1.0,1.0,1.0,1,0.0,0.0,0.0,1,0.2668385227306317,0.2668385227306317,0.2668385227306317,1,0.7819711720620187,0.7819711720620187,0.7819711720620187,1,0.46810027067424725,0.46810027067424725,0.46810027067424725,1
broad180,risk,误导风险,180,9,1,9,0.628329237620874,0.4155694372620936,0.7651799476473113,9,0.5635802469135802,0.4197530864197531,1.084074074074074,9,,,,0,,,,0,,,,0
broad180,risk,误导风险,180,9,2,36,0.7632269169446835,0.6396320883259939,0.856722896641865,36,0.38827160493827156,0.2790895061728395,0.6479938271604937,36,0.19893031758915297,-0.41588708589022594,0.45147318627185284,36,0.3870053898826069,0.05199094949225855,0.6297691163082889,36,0.669926239892114,0.5434881517262893,0.7588977517332961,36
broad180,risk,误导风险,180,9,3,84,0.8310358094646426,0.7459428271363545,0.898441424057175,84,0.2799382716049383,0.2185648148148148,0.45632716049382716,84,0.1752866642928343,-0.10893292083310262,0.4140248085147559,84,0.4680775348576943,0.227877753207495,0.6923565246800083,84,0.5397549686880359,0.42358387775898787,0.6518044132175191,84
broad180,risk,误导风险,180,9,4,126,0.8768531996987334,0.8295421904401094,0.9243497637647732,126,0.2318672839506173,0.17303240740740744,0.35432098765432096,126,0.17256891430987592,-0.019061368910567394,0.37665292835695885,126,0.5335660783606974,0.3010472405785072,0.7239559817742677,126,0.4859047050354931,0.38853232357928946,0.5953356699042871,126
broad180,risk,误导风险,180,9,5,126,0.92218130153032,0.8870492379616043,0.9449992163103117,126,0.18549382716049384,0.13842592592592592,0.28345679012345676,126,0.17644681632741344,0.045669226079896486,0.3378398592295242,126,0.5898835361958241,0.4120780480744515,0.7321660605868167,126,0.4563672582768219,0.3739205681936257,0.5497224752961706,126
broad180,risk,误导风险,180,9,6,84,0.9481845029287232,0.9124337922660072,0.9655887511488583,84,0.1399691358024691,0.10928240740740744,0.22816358024691358,84,0.17891657282764778,0.08575540247392958,0.3190183414305717,84,0.6351864120327279,0.5081977869932942,0.7463561410070464,84,0.43480683742349385,0.3744282951430885,0.5158575391671217,84
broad180,risk,误导风险,180,9,7,36,0.9696269497263528,0.9503839344767696,0.981306673408362,36,0.11093474426807758,0.07973985890652559,0.18514109347442678,36,0.1779556064494417,0.12289187721059046,0.2836018065684185,36,0.6663696235193077,0.5903004269406392,0.747760727458721,36,0.4089207370835011,0.37487696428470624,0.4694286671243238,36
broad180,risk,误导风险,180,9,8,9,0.9873690589717155,0.9707358853599753,0.9940743876490584,9,0.07044753086419751,0.05246913580246912,0.13550925925925925,9,0.1847806905172643,0.15518581998795464,0.25458494141601434,9,0.6903054935263361,0.6549996212121064,0.7466681907486906,9,0.4014023713211099,0.38131782351090493,0.4424691240446196,9
broad180,risk,误导风险,180,9,9,1,1.0,1.0,1.0,1,0.0,0.0,0.0,1,0.1940793136332739,0.1940793136332739,0.1940793136332739,1,0.719634689474693,0.719634689474693,0.719634689474693,1,0.39499604038885444,0.39499604038885444,0.39499604038885444,1
final_first_human_covered,fa,事实准确性,144,9,1,9,0.6176318984923171,0.4453147098226802,0.7251580458698977,9,0.6095679012345678,0.44197530864197526,0.7763888888888888,9,,,,0,,,,0,,,,0
final_first_human_covered,fa,事实准确性,144,9,2,36,0.7526203342128386,0.6315186289924857,0.8202395280667069,36,0.37982253086419754,0.3125,0.49628665123456783,36,0.2139778357693397,-0.08470472693346556,0.4040993240458138,36,0.43651264602931894,0.23736871141842839,0.588029436969809,36,0.6658866590764947,0.563714556549681,0.7433391153107558,36
final_first_human_covered,fa,事实准确性,144,9,3,84,0.8247217239104208,0.7325986075682789,0.8757736279271726,84,0.28433641975308643,0.23634259259259263,0.38859953703703703,84,0.24304103054080628,0.09488480053483818,0.3521832047956423,84,0.536513998905275,0.40075387844343613,0.639283294735263,84,0.5398624096148747,0.4500335535693689,0.6341032463305484,84
final_first_human_covered,fa,事实准确性,144,9,4,126,0.8771412679743537,0.8124206532422521,0.920724629978054,126,0.22395833333333331,0.1923707561728395,0.3166473765432098,126,0.24409532962978764,0.1565992046061243,0.32419008069918426,126,0.6010878330035382,0.5063653934290693,0.674026160365143,126,0.48508066273639777,0.40709461655253437,0.5672250848049242,126
final_first_human_covered,fa,事实准确性,144,9,5,126,0.9167781258539458,0.8683254726155295,0.9481596511797982,126,0.1791666666666667,0.15389660493827162,0.2533179012345679,126,0.2547051195135,0.1789684466161761,0.31396022241204713,126,0.6560469544662384,0.5868734857427786,0.7080740218302404,126,0.4511608354215892,0.3837039878936167,0.520835833410079,126
final_first_human_covered,fa,事实准确性,144,9,6,84,0.9439264458026935,0.9074931678999273,0.9659568538405021,84,0.14216820987654327,0.11817129629629627,0.19429976851851857,84,0.25328740013161827,0.20177788242710823,0.2971933878792356,84,0.6941523156906857,0.6425575620858524,0.7335226817404406,84,0.42725114552745846,0.3777835975612881,0.49453649455125426,84
final_first_human_covered,fa,事实准确性,144,9,7,36,0.9678075614663175,0.9399225437509034,0.9845333279094373,36,0.10852072310405644,0.0892857142857143,0.14179618606701946,36,0.25434921144501915,0.22428179503051782,0.288477407471096,36,0.7266366786480651,0.6963178800514027,0.7497176000851338,36,0.4088018304453257,0.3689050059403779,0.460821118494115,36
final_first_human_covered,fa,事实准确性,144,9,8,9,0.9824614340313185,0.971642879876536,0.9938029501161956,9,0.07619598765432103,0.055246913580246935,0.09704861111111115,9,0.25871891571589267,0.23909996565759867,0.27434106600682723,9,0.7536679993042437,0.7329510161124028,0.7646567765493272,9,0.40366704435092265,0.3774230431450173,0.42750109141026504,9
final_first_human_covered,fa,事实准确性,144,9,9,1,1.0,1.0,1.0,1,0.0,0.0,0.0,1,0.2603411680787766,0.2603411680787766,0.2603411680787766,1,0.7730713903159133,0.7730713903159133,0.7730713903159133,1,0.3904725482614041,0.3904725482614041,0.3904725482614041,1
final_first_human_covered,cc,概念完整性,144,9,1,9,0.6787235375575316,0.462425130003681,0.7804592389286538,9,0.5069444444444444,0.36172839506172844,0.8810185185185185,9,,,,0,,,,0,,,,0
final_first_human_covered,cc,概念完整性,144,9,2,36,0.7998418316176907,0.6550692103798488,0.8729730738080151,36,0.35725308641975306,0.25959683641975306,0.5874807098765431,36,0.2194896047566865,-0.2755409785620173,0.47690165145314733,36,0.4235180763965152,0.17529800223524425,0.6649592182809232,36,0.6918931189015052,0.5805570794431953,0.805506058084187,36
final_first_human_covered,cc,概念完整性,144,9,3,84,0.8561281899137609,0.7740990257323169,0.9070874332885911,84,0.2561728395061728,0.19087577160493832,0.4397569444444444,84,0.187601597113283,-0.028499202844329233,0.4236755867455861,84,0.5108028057230733,0.34282497677041446,0.7163853822903885,84,0.5713854380799244,0.46718386669408146,0.7068602563081525,84
final_first_human_covered,cc,概念完整性,144,9,4,126,0.9069440752191482,0.848508186429384,0.9306257087589561,126,0.20756172839506176,0.16112075617283947,0.3633777006172839,126,0.20029206150257534,0.060945882625304024,0.37313972177708743,126,0.5803786865905435,0.4464220648302384,0.7267987354083243,126,0.5280938319792532,0.4355700389972611,0.6408655006867527,126
final_first_human_covered,cc,概念完整性,144,9,5,126,0.9353576764066021,0.8983185587843506,0.9568140317982057,126,0.16604938271604938,0.12889660493827165,0.29070216049382713,126,0.20739360602966822,0.10802836580935131,0.33179281005201583,126,0.6277756933603015,0.5245464621395155,0.7297081531640187,126,0.49947203503931725,0.4209445104472052,0.592353176400264,126
final_first_human_covered,cc,概念完整性,144,9,6,84,0.9569103961148224,0.938837167354451,0.9753548908212994,84,0.12808641975308638,0.09543788580246913,0.2198784722222222,84,0.20840111028751984,0.1390476746239678,0.30776914460912014,84,0.6700784742544874,0.5895313304226755,0.7437381760096269,84,0.48127717773845324,0.4229995151635668,0.5675663756332395,84
final_first_human_covered,cc,概念完整性,144,9,7,36,0.973584296089351,0.9562119520624717,0.9885452428791438,36,0.1020723104056438,0.07417052469135808,0.16785163139329806,36,0.2175908275922156,0.16821158349847565,0.28124145461735534,36,0.7004816249372332,0.6520353292178238,0.7537663654252115,36,0.45708759486021744,0.42404361279312963,0.516163917864478,36
final_first_human_covered,cc,概念完整性,144,9,8,9,0.9892076336762139,0.9763724622306605,0.9960880455149881,9,0.06336805555555552,0.045216049382716006,0.11012731481481482,9,0.22019022990661574,0.19165413845957108,0.25564300965004394,9,0.7283824299333664,0.6995983410031177,0.7538830555499945,9,0.4537960799496024,0.4324294223790868,0.4917373007380455,9
final_first_human_covered,cc,概念完整性,144,9,9,1,1.0,1.0,1.0,1,0.0,0.0,0.0,1,0.22542645575079112,0.22542645575079112,0.22542645575079112,1,0.7519293846678232,0.7519293846678232,0.7519293846678232,1,0.44562834579000543,0.44562834579000543,0.44562834579000543,1
final_first_human_covered,lc,语言清晰度,144,9,1,9,0.5824892391255356,0.45414076477826243,0.7682221354403401,9,0.4328703703703703,0.3469135802469135,1.1070987654320987,9,,,,0,,,,0,,,,0
final_first_human_covered,lc,语言清晰度,144,9,2,36,0.7214273945242167,0.5922300883734736,0.8564001442412095,36,0.3211805555555555,0.23746141975308635,0.674045138888889,36,0.1969714468609629,-0.4025363769478576,0.44730043884825077,36,0.3805093023142707,0.1646819149539728,0.6271826124553027,36,0.6464173051067662,0.5745097706695129,0.7357494991668712,36
final_first_human_covered,lc,语言清晰度,144,9,3,84,0.8101663334797871,0.6850365773459387,0.9059346463707512,84,0.25848765432098764,0.1915316358024691,0.41280864197530875,84,0.1694414045868089,-0.1716744673706215,0.36934877891165524,84,0.433139925480401,0.24745915466510207,0.6399064378470184,84,0.5440767500998562,0.4724033747534329,0.6215311230526845,84
final_first_human_covered,lc,语言清晰度,144,9,4,126,0.8719839263221185,0.7536987521228478,0.9371310563621547,126,0.2084297839506173,0.14971547067901225,0.3247010030864198,126,0.16983039559524798,-0.048651338732709826,0.33840714029474417,126,0.4913316426152322,0.33744465665997303,0.6776608520996023,126,0.4801846868133832,0.41475729628881003,0.5544871397273229,126
final_first_human_covered,lc,语言清晰度,144,9,5,126,0.9085996118652497,0.8049811797651483,0.9612200466382637,126,0.16674382716049374,0.11977237654320995,0.2597608024691357,126,0.10394653373449048,0.016506287876975514,0.3057522452714237,126,0.5215108847337224,0.4212340480786013,0.6924558624095017,126,0.4501799578808837,0.38659741951541365,0.5104535363923617,126
final_first_human_covered,lc,语言清晰度,144,9,6,84,0.937700614102061,0.8788035998184991,0.9784047482498236,84,0.12924382716049376,0.0957658179012346,0.20640432098765427,84,0.10996190242675608,0.057463837989823595,0.26338770893065305,84,0.553991359155275,0.4920154928372489,0.693317850452751,84,0.42560835352650384,0.3752994242876722,0.473887103694395,84
final_first_human_covered,lc,语言清晰度,144,9,7,36,0.9604110777005108,0.9086693695264061,0.9905838838990911,36,0.09176587301587306,0.0678461199294533,0.1925843253968253,36,0.11899143793837091,0.08954194747107008,0.24191634172805415,36,0.5940645693540957,0.5567302949689799,0.7015608014988076,36,0.40729783325288466,0.37091364798527143,0.44154181764400857,36
final_first_human_covered,lc,语言清晰度,144,9,8,9,0.9826637666729092,0.9590057862492806,0.9975424420097655,9,0.05410879629629636,0.04336419753086425,0.1383873456790123,9,0.12950467277469757,0.11565931998976557,0.21206108571834575,9,0.6281847948286339,0.6127793397726118,0.7011017359129524,9,0.3988393077622376,0.37603855300620703,0.4121227562031789,9
final_first_human_covered,lc,语言清晰度,144,9,9,1,1.0,1.0,1.0,1,0.0,0.0,0.0,1,0.14165961515163195,0.14165961515163195,0.14165961515163195,1,0.6617277743561383,0.6617277743561383,0.6617277743561383,1,0.38756428978520985,0.38756428978520985,0.38756428978520985,1
final_first_human_covered,tf,任务符合度,144,9,1,9,0.6915075773583219,0.3558193028505326,0.7897973376786434,9,0.48765432098765427,0.4172839506172839,1.1759259259259258,9,,,,0,,,,0,,,,0
final_first_human_covered,tf,任务符合度,144,9,2,36,0.8061035535341126,0.6342555105529393,0.8652094081218864,36,0.412037037037037,0.2911844135802468,0.6580343364197532,36,0.3401959360534264,-0.22129404077716233,0.6783254142906934,36,0.5239646303804848,-0.16388879625615566,0.8095810338016374,36,0.7320196635045576,0.4519546083962065,0.8451002989889349,36
final_first_human_covered,tf,任务符合度,144,9,3,84,0.869833788259387,0.7875519783652749,0.9090552870124361,84,0.31365740740740744,0.23688271604938269,0.43809799382716047,84,0.2124183682956441,-0.06865806474453257,0.5451779173569657,84,0.5796773389024172,0.21779296174038623,0.791310683043764,84,0.6330711982297853,0.43154902095683945,0.759477496015411,84
final_first_human_covered,tf,任务符合度,144,9,4,126,0.9049867257603019,0.8576197323084236,0.9365384372988734,126,0.25260416666666663,0.19381751543209882,0.33632330246913583,126,0.2457101901868844,0.049516341236502254,0.5250117496497199,126,0.6220594813426445,0.4005282368183484,0.8208679986783438,126,0.5841160354349075,0.43021745164207614,0.6952604258404441,126
final_first_human_covered,tf,任务符合度,144,9,5,126,0.9348321229373131,0.8986466859767351,0.9601857560975917,126,0.20208333333333334,0.15505401234567906,0.2690586419753086,126,0.2727248243204745,0.11933953546854006,0.5019223290057323,126,0.6729895347480499,0.5290639574612963,0.8378034134511838,126,0.48188670790807436,0.4310366922706588,0.6566699563359361,126
final_first_human_covered,tf,任务符合度,144,9,6,84,0.957385116347452,0.9322488606142294,0.9780527964653685,84,0.15682870370370372,0.11844135802469141,0.2190489969135802,84,0.28690889192332386,0.16819907219743505,0.4441072612084737,84,0.7193880384910807,0.6190962344827251,0.8300171198879538,84,0.4746867435357479,0.43910156130608385,0.6292641181132834,84
final_first_human_covered,tf,任务符合度,144,9,7,36,0.974020925054261,0.9528192076678157,0.9901038313182101,36,0.11772486772486776,0.0831955467372135,0.18800981040564368,36,0.24607434013833218,0.2046609514833529,0.3632740388574949,36,0.7286818346814716,0.6858397924753448,0.8174454575881911,36,0.4724439697997821,0.44887484904859504,0.5930014370428834,36
final_first_human_covered,tf,任务符合度,144,9,8,9,0.9889338217302991,0.9733741359537682,0.9974502626514413,9,0.06095679012345682,0.05216049382716054,0.14699074074074076,9,0.2603747021023902,0.23889390874804914,0.3437211518957173,9,0.760583380814021,0.7420365969676451,0.8198012439827811,9,0.4717410870687773,0.4578384952768838,0.5534563162044557,9
final_first_human_covered,tf,任务符合度,144,9,9,1,1.0,1.0,1.0,1,0.0,0.0,0.0,1,0.27460556391975244,0.27460556391975244,0.27460556391975244,1,0.7900355431672179,0.7900355431672179,0.7900355431672179,1,0.47336171974694163,0.47336171974694163,0.47336171974694163,1
final_first_human_covered,mq,误解处理质量,144,9,1,9,0.6798187532238199,0.41829462567612136,0.7454591241566058,9,0.6790123456790124,0.5209876543209877,1.0749999999999997,9,,,,0,,,,0,,,,0
final_first_human_covered,mq,误解处理质量,144,9,2,36,0.8013499714055698,0.5903396908939949,0.8548757132979573,36,0.44907407407407407,0.33569637345679015,0.6705246913580247,36,0.29924245000051997,-0.2549611559679922,0.5095169290818974,36,0.5286180617508824,-0.07330577255075546,0.687921327513053,36,0.7272601478528609,0.45742511854953005,0.797493813526918,36
final_first_human_covered,mq,误解处理质量,144,9,3,84,0.8484108496621807,0.7405435316007081,0.9030700573787608,84,0.35455246913580246,0.263233024691358,0.49822530864197534,84,0.25693593594361214,-0.04073189085074541,0.44578678553604606,84,0.5735961559807763,0.21698199531669937,0.7205440406870038,84,0.6351311185595446,0.4443412560297228,0.6968347850451025,84
final_first_human_covered,mq,误解处理质量,144,9,4,126,0.8883218282990665,0.8196957499216218,0.93038128547851,126,0.2763310185185185,0.21877411265432092,0.3991367669753087,126,0.24275497253857448,0.07279061162643373,0.43168298601049543,126,0.6249500283260137,0.4142829417447609,0.759923508938099,126,0.5799207650383869,0.4409685601936474,0.641243497362889,126
final_first_human_covered,mq,误解处理质量,144,9,5,126,0.9198260888799628,0.8793489017872409,0.9474706737513536,126,0.22106481481481483,0.17501929012345685,0.3193094135802469,126,0.26866934903421,0.13240915991171054,0.4150811186421415,126,0.677487938966318,0.5402032340082454,0.7899869461871385,126,0.4787239510467969,0.43828547521688005,0.6040845255333037,126
final_first_human_covered,mq,误解处理质量,144,9,6,84,0.9464819967456394,0.9161586737918065,0.9686543338353456,84,0.17727623456790126,0.13161651234567903,0.2491126543209876,84,0.28336799692723375,0.1772270876708312,0.39307194425643815,84,0.7187465648717044,0.6271708439397397,0.80546258671021,84,0.4671078120554485,0.44350662284203746,0.5823221194359336,84
final_first_human_covered,mq,误解处理质量,144,9,7,36,0.9691119923394196,0.9434886433107816,0.9835988574288287,36,0.12830687830687829,0.09591324955908291,0.19157848324514998,36,0.2515538778900371,0.21505729304220902,0.34681100516106156,36,0.7254704157131646,0.69585906241541,0.8024885765238532,36,0.4631920913911947,0.44812396108271824,0.5612009733719521,36
final_first_human_covered,mq,误解处理质量,144,9,8,9,0.9860070990124105,0.9654753346972585,0.9948942950123325,9,0.08487654320987652,0.06512345679012349,0.13437500000000005,9,0.2615436026085811,0.24716999070965007,0.3293079928337975,9,0.7571547667265432,0.748202482011238,0.8106575009208243,9,0.45916584795022364,0.4543162577949662,0.5263982874425823,9
final_first_human_covered,mq,误解处理质量,144,9,9,1,1.0,1.0,1.0,1,0.0,0.0,0.0,1,0.27298721931811687,0.27298721931811687,0.27298721931811687,1,0.7869823202439046,0.7869823202439046,0.7869823202439046,1,0.46027775268698995,0.46027775268698995,0.46027775268698995,1
final_first_human_covered,risk,误导风险,144,9,1,9,0.599850955896969,0.42758860460002,0.7443114398226215,9,0.5848765432098766,0.4328703703703704,1.0694444444444444,9,,,,0,,,,0,,,,0
final_first_human_covered,risk,误导风险,144,9,2,36,0.7361069241645961,0.6311043306699086,0.8430608432797384,36,0.3915895061728395,0.2823109567901234,0.6543209876543208,36,0.18980662921287605,-0.3897815971410072,0.4530280355061446,36,0.36985720937573596,0.025703983150465626,0.6284052252745895,36,0.663334668235646,0.5264812420253617,0.7401581774172383,36
final_first_human_covered,risk,误导风险,144,9,3,84,0.8089556503192314,0.7325735574920745,0.8890321239982719,84,0.28742283950617287,0.22156635802469135,0.4676504629629628,84,0.1614417926889668,-0.12422562425931649,0.3805044110614744,84,0.44611967965090005,0.21771380006823,0.6657585177656592,84,0.5225999207917928,0.41641896355073643,0.6287200512099299,84
final_first_human_covered,risk,误导风险,144,9,4,126,0.8636252281716437,0.8205513696678601,0.9161414875706141,126,0.23379629629629628,0.17652874228395063,0.35419077932098764,126,0.16457950378130115,-0.023496628148781312,0.35549112863252547,126,0.5265229017032468,0.27601312714991555,0.707992213866649,126,0.46559511649041097,0.3771938623026309,0.5683308254746925,126
final_first_human_covered,risk,误导风险,144,9,5,126,0.9140668951672057,0.8700112814550309,0.9392501851234952,126,0.1870370370370371,0.14122299382716053,0.28335262345679013,126,0.17090614131514242,0.036446050602853,0.32587908212001426,126,0.5792549215776677,0.3922768755951076,0.7215247263713245,126,0.43810972864552955,0.3601729909813988,0.52774629034768,126
final_first_human_covered,risk,误导风险,144,9,6,84,0.9432871732423624,0.8961526542615955,0.9637647406596143,84,0.14371141975308643,0.1107831790123457,0.23382523148148146,84,0.1708968839464371,0.08045347907325218,0.3053848617475798,84,0.6236480197619927,0.49072071202819756,0.7347439206081536,84,0.41289295115721825,0.3571478490571603,0.4875954528831887,84
final_first_human_covered,risk,误导风险,144,9,7,36,0.9652505982488488,0.9442241547795609,0.9802820260627869,36,0.1118827160493827,0.08066027336860669,0.1869488536155203,36,0.17111654142638516,0.11734646661944018,0.26996652765046036,36,0.657153147513756,0.5790342796500658,0.7358985147591471,36,0.39166226712133334,0.35766160212546627,0.4426415699529423,36
final_first_human_covered,risk,误导风险,144,9,8,9,0.9852730785787094,0.9656423635896512,0.993838689106694,9,0.07310956790123457,0.05410879629629628,0.13368055555555555,9,0.17518991869263412,0.14949954514502725,0.24363561192714117,9,0.6777705350148865,0.6456119918754327,0.7362696895748159,9,0.3820976173149147,0.3618722764659987,0.4170157703452078,9
final_first_human_covered,risk,误导风险,144,9,9,1,1.0,1.0,1.0,1,0.0,0.0,0.0,1,0.186239944562418,0.186239944562418,0.186239944562418,1,0.7098589487637178,0.7098589487637178,0.7098589487637178,1,0.3747898710744723,0.3747898710744723,0.3747898710744723,1
selected30,fa,事实准确性,30,9,1,9,0.6975821799099892,0.5410313051679613,0.852273787997695,9,0.562962962962963,0.46148148148148144,0.8444444444444444,9,,,,0,,,,0,,,,0
selected30,fa,事实准确性,30,9,2,36,0.84806267967612,0.6895601061098788,0.9313062112597068,36,0.3638888888888889,0.25509259259259265,0.5423611111111111,36,0.42766276458262753,0.07608190254690729,0.6191727064865759,36,0.6054098276831823,0.4040176031938111,0.7704471936717593,36,0.7396414041427654,0.6272593427888387,0.8781995789031793,36
selected30,fa,事实准确性,30,9,3,84,0.902022688714218,0.7845301582929562,0.9492860173186634,84,0.2759259259259259,0.1888888888888889,0.4208333333333333,84,0.40898205605903176,0.23527687620438326,0.5333925152756188,84,0.6970036748122741,0.5938270766563114,0.7896484041732841,84,0.6609379536514646,0.5487501752928795,0.7759886107377403,84
selected30,fa,事实准确性,30,9,4,126,0.9350240974044286,0.8579089172093635,0.9725045511540423,126,0.22499999999999992,0.15196759259259257,0.3185185185185186,126,0.4141598109239659,0.3078153014031718,0.5153296820388127,126,0.7557032366955201,0.6794871892543267,0.8180536669164961,126,0.6137600135541195,0.5176265295723412,0.7131291664998586,126
selected30,fa,事实准确性,30,9,5,126,0.9566723028349864,0.9123317346195713,0.9785201985920237,126,0.18000000000000005,0.12157407407407411,0.2548148148148148,126,0.4132266827762055,0.3361835573953466,0.49889216765322497,126,0.7949526719386533,0.7445927114133184,0.8390784827112175,126,0.5919035562646486,0.5109206232205614,0.6715226476233438,126
selected30,fa,事实准确性,30,9,6,84,0.9718176732788719,0.9490866856468323,0.9876534653631871,84,0.13796296296296295,0.09444444444444437,0.2104166666666667,84,0.41291408846595534,0.3628247226412401,0.4812947042639932,84,0.8217737654022398,0.7912974005109504,0.8546298956478721,84,0.5691667800463271,0.5149689917090534,0.6452683984709947,84
selected30,fa,事实准确性,30,9,7,36,0.9839485821921405,0.97109987122191,0.9923387690538047,36,0.10396825396825399,0.07288359788359788,0.15496031746031746,36,0.41470717534003254,0.380981477910584,0.46354912284377114,36,0.8433217747050223,0.8249927869120008,0.8633099027926694,36,0.5636364772941272,0.5148742635991397,0.6090307955229678,36
selected30,fa,事实准确性,30,9,8,9,0.9928324380283182,0.9858312713984385,0.996485430874,9,0.07037037037037039,0.057685185185185194,0.10555555555555557,9,0.4135009982253771,0.3976331089391555,0.4478886926394047,9,0.8585157893769697,0.8504179633164934,0.872400037332696,9,0.551510460251046,0.5306785707642433,0.576686665291109,9
selected30,fa,事实准确性,30,9,9,1,1.0,1.0,1.0,1,0.0,0.0,0.0,1,0.41835695248833993,0.41835695248833993,0.41835695248833993,1,0.8737447030823706,0.8737447030823706,0.8737447030823706,1,0.5453612912958213,0.5453612912958213,0.5453612912958213,1
selected30,cc,概念完整性,30,9,1,9,0.7700192140030605,0.6128307567724616,0.8747012047612331,9,0.5518518518518518,0.3474074074074075,0.9859259259259258,9,,,,0,,,,0,,,,0
selected30,cc,概念完整性,30,9,2,36,0.8766803696231956,0.7795213708336319,0.9425689933334884,36,0.34814814814814815,0.22986111111111113,0.6539351851851852,36,0.35957912119185254,-0.24028319901668696,0.6579381402482225,36,0.5753979511426319,0.24661366329300055,0.7970043138421594,36,0.7477870446236716,0.6403064159281663,0.8784706788700075,36
selected30,cc,概念完整性,30,9,3,84,0.9199174909187817,0.8543305089383262,0.9663858061068581,84,0.26296296296296295,0.17407407407407405,0.5439814814814813,84,0.341305697153267,0.06737444977311008,0.5822964697350862,84,0.6638621310440262,0.4505082110538079,0.8180127937986337,84,0.6905482672093526,0.586975412618807,0.8147298058139658,84
selected30,cc,概念完整性,30,9,4,126,0.949056381344098,0.9105855896846421,0.9753644727964015,126,0.20694444444444446,0.1427083333333333,0.42118055555555556,126,0.36488239844846587,0.16060799323983055,0.5470176071954719,126,0.73197702058886,0.5766809361447764,0.8383301596111615,126,0.6400915747706446,0.558322269477158,0.7602335253572583,126
selected30,cc,概念完整性,30,9,5,126,0.9648579059735012,0.9411856531791533,0.9847973412258817,126,0.16555555555555557,0.11416666666666668,0.33694444444444444,126,0.3394683774838233,0.21524088031236543,0.48828253541934996,126,0.7530376406798391,0.658078547050742,0.839364969172505,126,0.6266157915583065,0.5571050157566537,0.7161848864671054,126
selected30,cc,概念完整性,30,9,6,84,0.9770638897439274,0.9571658976210166,0.9908888629573985,84,0.13148148148148142,0.08703703703703698,0.27199074074074064,84,0.33739502078143624,0.2553455928331292,0.46251201974913103,84,0.7842201192463905,0.7264722638539148,0.8484511564369982,84,0.6171442960174316,0.5491353005904857,0.6844712657594223,84
selected30,cc,概念完整性,30,9,7,36,0.9878038765873491,0.9722028409537473,0.9955654985860822,36,0.09947089947089949,0.06567460317460319,0.18683862433862433,36,0.33359084303773695,0.2912655562101467,0.4411790934225097,36,0.8038226549620298,0.7761604810369835,0.8578592799395425,36,0.6036130621324717,0.5594717232923365,0.6602728893770182,36
selected30,cc,概念完整性,30,9,8,9,0.994621229041403,0.9828158258565931,0.9968237115601052,9,0.06898148148148148,0.043425925925925875,0.12324074074074076,9,0.3440219574240193,0.31778358085526165,0.41094254749070264,9,0.8284556905832084,0.8124707524435092,0.8591891441702556,9,0.594764705882353,0.573079892677823,0.6244762225713936,9
selected30,cc,概念完整性,30,9,9,1,1.0,1.0,1.0,1,0.0,0.0,0.0,1,0.3514141175078398,0.3514141175078398,0.3514141175078398,1,0.8459972144619919,0.8459972144619919,0.8459972144619919,1,0.5895387778109353,0.5895387778109353,0.5895387778109353,1
selected30,lc,语言清晰度,30,9,1,9,0.6232364425716338,0.3996926351839757,0.8414356033930148,9,0.47407407407407404,0.30962962962962964,1.1370370370370364,9,,,,0,,,,0,,,,0
selected30,lc,语言清晰度,30,9,2,36,0.8245304358661061,0.5780754225495792,0.9252800870313986,36,0.3361111111111111,0.2166666666666666,0.680787037037037,36,0.1820717224831051,-0.3908665011006947,0.6360023141373742,36,0.39449325186404466,-0.0491832728674833,0.7822788769844374,36,0.6658169733100353,0.527149543948776,0.8676475331338603,36
selected30,lc,语言清晰度,30,9,3,84,0.8703948223188194,0.7518572914461529,0.9544411042289219,84,0.26666666666666655,0.1672222222222222,0.4441666666666667,84,0.17419876821737823,-0.12956549338789114,0.511581010758737,84,0.4876271691473818,0.23198823865827184,0.7630984385797046,84,0.5692489086806665,0.4463474295190713,0.7459796703263749,84
selected30,lc,语言清晰度,30,9,4,126,0.9086885727367171,0.8409752508250897,0.9670009428710701,126,0.22268518518518512,0.15127314814814818,0.31840277777777776,126,0.17953015677772438,-0.02200500663710428,0.44466679154834393,126,0.5503283271983074,0.35168169739534116,0.7723343150895097,126,0.5287078284490512,0.4144860778633466,0.6561972214347709,126
selected30,lc,语言清晰度,30,9,5,126,0.9365058466738291,0.886332600329352,0.9764042324215663,126,0.1781481481481482,0.12101851851851853,0.2547222222222222,126,0.17763905263224983,0.03972612661465667,0.4098592431259088,126,0.5993620824652539,0.4384292055758519,0.7840635791389005,126,0.48743996453800376,0.39545392424948,0.6223108267293339,126
selected30,lc,语言清晰度,30,9,6,84,0.9635520495092416,0.920840481239859,0.9862077794639302,84,0.13333333333333333,0.08361111111111114,0.22208333333333327,84,0.1739055381076658,0.0760664830073041,0.37449932197135943,84,0.6407826943519555,0.5193000015751529,0.7905409572386631,84,0.48261609535554256,0.38837427389314866,0.5692034826612716,84
selected30,lc,语言清晰度,30,9,7,36,0.9763283160407958,0.9490759591124431,0.99092088513657,36,0.09603174603174609,0.06190476190476197,0.1945105820105819,36,0.17393170258688395,0.11018180484797217,0.31891257734241446,36,0.6750259628251927,0.5893050338152802,0.7769736846818392,36,0.45576548748396933,0.3966425386747491,0.5171341843598238,36
selected30,lc,语言清晰度,30,9,8,9,0.9899547852481311,0.978348805195842,0.9985566650656286,9,0.059259259259259255,0.03870370370370374,0.1421296296296296,9,0.18745716704516435,0.14735627862251205,0.2806619217760002,9,0.7042605506066347,0.6533755250919431,0.7712344476296461,9,0.4647011928664226,0.41939707737978277,0.4781786362655118,9
selected30,lc,语言清晰度,30,9,9,1,1.0,1.0,1.0,1,0.0,0.0,0.0,1,0.19407113867830605,0.19407113867830605,0.19407113867830605,1,0.7277526168981135,0.7277526168981135,0.7277526168981135,1,0.4426922844541115,0.4426922844541115,0.4426922844541115,1
selected30,tf,任务符合度,30,9,1,9,0.7830994953281596,0.2807515415153916,0.8223834006663501,9,0.5777777777777776,0.40814814814814815,1.3044444444444445,9,,,,0,,,,0,,,,0
selected30,tf,任务符合度,30,9,2,36,0.8659043738784225,0.5765298536729423,0.9073958154591762,36,0.41851851851851846,0.2831018518518518,0.7293981481481481,36,0.3600606863666291,-0.16998395549026235,0.6931606929857737,36,0.5758579773831087,-0.14771514230901478,0.8306054510668102,36,0.7890597087488613,0.4661085380808479,0.89099205550337,36
selected30,tf,任务符合度,30,9,3,84,0.9021910629448101,0.7593829360447345,0.9367736590237088,84,0.3351851851851852,0.22620370370370374,0.531111111111111,84,0.2563529160077703,-0.0886701271024182,0.6149886337412961,84,0.6240627990148826,0.20908040236791975,0.8382001550660462,84,0.7114224007188021,0.4376849810863262,0.8173005066486206,84
selected30,tf,任务符合度,30,9,4,126,0.919688717768834,0.8341502741251793,0.9510095368141245,126,0.2699074074074074,0.19120370370370365,0.40254629629629624,126,0.2892760006545756,0.04831411455815718,0.5794171798157252,126,0.6801890075012191,0.4113239474752945,0.8525131942280554,126,0.6721345884478511,0.4586722704039552,0.7595439326271378,126
selected30,tf,任务符合度,30,9,5,126,0.9435785581891779,0.882466079570611,0.970273718462284,126,0.21592592592592594,0.15296296296296297,0.32203703703703696,126,0.3164844574789286,0.12877336001296918,0.546281181505741,126,0.7266304566948103,0.5522888078083282,0.8622905200563209,126,0.5416501472971986,0.4779326627019256,0.7314826702960997,126
selected30,tf,任务符合度,30,9,6,84,0.9589372065114767,0.9281641614795764,0.9822823495150865,84,0.1675925925925926,0.11310185185185194,0.26555555555555554,84,0.3343584122822667,0.1923352004100226,0.5308746200671302,84,0.7642598398304571,0.6540245603874064,0.8771340183656686,84,0.538931801623775,0.49443715822330525,0.7020472898489281,84
selected30,tf,任务符合度,30,9,7,36,0.9754751336220169,0.9528425874129824,0.9884249103203105,36,0.11957671957671959,0.08088624338624338,0.20839947089947092,36,0.28120233792984994,0.23195628633707988,0.4226415162366037,36,0.7604357201365959,0.7209475369236116,0.8496621611732215,36,0.5342398125800024,0.5136829139885745,0.6768375328840431,36
selected30,tf,任务符合度,30,9,8,9,0.9867247590539258,0.9775410879255849,0.9955061270139058,9,0.07222222222222224,0.05101851851851861,0.1630555555555556,9,0.2975910881813164,0.2744166509387386,0.40396342811147334,9,0.7932157335378547,0.7768719971632311,0.8557847015232531,9,0.540206589958159,0.5292996468180646,0.6403293687387054,9
selected30,tf,任务符合度,30,9,9,1,1.0,1.0,1.0,1,0.0,0.0,0.0,1,0.3156454909307672,0.3156454909307672,0.3156454909307672,1,0.8223241923389967,0.8223241923389967,0.8223241923389967,1,0.547516339869281,0.547516339869281,0.547516339869281,1
selected30,mq,误解处理质量,30,9,1,9,0.7970854316990231,0.40121678271346933,0.8323460166082998,9,0.7037037037037037,0.48000000000000015,1.1044444444444443,9,,,,0,,,,0,,,,0
selected30,mq,误解处理质量,30,9,2,36,0.8736531884087022,0.5725493412869764,0.9248210818610758,36,0.4842592592592594,0.3136574074074074,0.7127314814814815,36,0.35992985661046323,-0.04759948894935953,0.6471068868800828,36,0.6044101684407961,-0.03869862128949478,0.7914934164934162,36,0.7824721488238573,0.5235513420854886,0.87501747861221,36
selected30,mq,误解处理质量,30,9,3,84,0.9123226926581753,0.7369663216525457,0.9512426955982883,84,0.35370370370370374,0.256388888888889,0.5510185185185184,84,0.3388138749344532,0.0171744448510701,0.6099454387876448,84,0.6740045117929914,0.2553582056049058,0.8286608624279728,84,0.7117416091627056,0.48785802508468834,0.8074993407164802,84
selected30,mq,误解处理质量,30,9,4,126,0.9301512370157515,0.8214256978319184,0.9600096758425142,126,0.2833333333333333,0.20208333333333334,0.4686342592592593,126,0.3579976380581531,0.13167101977790918,0.5453620041407768,126,0.7280712842961679,0.4923051195150088,0.8353520197751417,126,0.6594954635109622,0.49573325602038776,0.7462811711667231,126
selected30,mq,误解处理质量,30,9,5,126,0.9515453868672155,0.9016855587965938,0.9724522811389598,126,0.22666666666666666,0.16166666666666663,0.37490740740740736,126,0.3629029134661117,0.20918982259991642,0.5226185881110876,126,0.7517915841390223,0.6281567682602663,0.8519955180156868,126,0.5579418108602245,0.504078091704847,0.7174801229542449,126
selected30,mq,误解处理质量,30,9,6,84,0.9672268990322899,0.9451720932447985,0.9846606334443944,84,0.17685185185185187,0.1281944444444445,0.27550925925925934,84,0.35258092073992603,0.25981690515801875,0.4936336418018328,84,0.7782566182548263,0.7123186070884484,0.8626700360334206,84,0.5514718760654282,0.5160210345691921,0.7000070531827501,84
selected30,mq,误解处理质量,30,9,7,36,0.981006716896363,0.9640903478151871,0.990233444368533,36,0.13835978835978824,0.08961640211640216,0.20363756613756623,36,0.3264172461194563,0.2993896983386102,0.4479921707430151,36,0.7903500783673871,0.7723659128203917,0.8616806620188281,36,0.5501811533134796,0.5250392935214467,0.6720926263202487,36
selected30,mq,误解处理质量,30,9,8,9,0.9930509852532037,0.9759956136236558,0.9942864977940209,9,0.08796296296296287,0.05999999999999995,0.1380555555555556,9,0.34442044006041683,0.3304487148521914,0.4301256942037352,9,0.8214308664048414,0.8136343346389422,0.8676794574698147,9,0.553668980365693,0.5413677911252922,0.6365705882529541,9
selected30,mq,误解处理质量,30,9,9,1,1.0,1.0,1.0,1,0.0,0.0,0.0,1,0.35656969554739193,0.35656969554739193,0.35656969554739193,1,0.8445889240538327,0.8445889240538327,0.8445889240538327,1,0.5559699470535171,0.5559699470535171,0.5559699470535171,1
selected30,risk,误导风险,30,9,1,9,0.7119659008391136,0.5327810934584076,0.8678716075674795,9,0.5259259259259259,0.4103703703703704,1.1703703703703703,9,,,,0,,,,0,,,,0
selected30,risk,误导风险,30,9,2,36,0.8561463565106389,0.7591791111629618,0.9310935077887874,36,0.39814814814814814,0.24629629629629635,0.7145833333333335,36,0.40434384176482785,-0.25039411698634295,0.6192832326798148,36,0.5979109731398198,0.11421860835645407,0.7723559372815341,36,0.7405799186361184,0.6106171291792614,0.8798831352733238,36
selected30,risk,误导风险,30,9,3,84,0.9068483811358841,0.8369986656942158,0.9470391423753907,84,0.2981481481481481,0.1937037037037037,0.4900925925925925,84,0.28195670305092213,-0.06426303960864409,0.5887138344892925,84,0.6154414070113297,0.3437656482787227,0.8156456403397121,84,0.6553866365920705,0.5251419006455916,0.7984590574193211,84
selected30,risk,误导风险,30,9,4,126,0.9324027566022973,0.887804627617492,0.962703945015535,126,0.24166666666666667,0.1583333333333333,0.374537037037037,126,0.30609853642194124,0.06641454308238962,0.5556212123953248,126,0.681698971215869,0.47386223042403264,0.8392651041557858,126,0.6165983871686054,0.5089179943685732,0.7387991118494062,126
selected30,risk,误导风险,30,9,5,126,0.9499760331675355,0.9175781477401362,0.9765125525343756,126,0.19333333333333333,0.12666666666666665,0.2996296296296296,126,0.33181697856447545,0.15391216402252866,0.5304979460221595,126,0.7449566744704221,0.597353363597849,0.8564055407971903,126,0.5887066808123578,0.5103419465164958,0.6987054112570883,126
selected30,risk,误导风险,30,9,6,84,0.9662630103163297,0.93914090349044,0.9839048773243213,84,0.14907407407407408,0.09685185185185188,0.24504629629629626,84,0.3464167315246177,0.21548287633520546,0.5238018317658115,84,0.7875417188247211,0.6875302555138045,0.8726536198860086,84,0.5701428898720586,0.5058955729299144,0.6535588065566766,84
selected30,risk,误导风险,30,9,7,36,0.9795328329600423,0.9541098257844175,0.9907104020895957,36,0.1137566137566137,0.07037037037037033,0.20416666666666666,36,0.29379011876449956,0.2562413950334631,0.4357715660463231,36,0.776480225327427,0.7481387346571785,0.8493734834756567,36,0.5587593441878336,0.5104009705521764,0.6260694530142776,36
selected30,risk,误导风险,30,9,8,9,0.9879424037232398,0.9711927069675834,0.9954227292736758,9,0.06574074074074075,0.051296296296296263,0.1462962962962963,9,0.31392508534884833,0.2921834122455957,0.41661273809789684,9,0.808181082907697,0.7940460898494156,0.8590027959627519,9,0.555530654573578,0.5284692025079978,0.5951201235058813,9
selected30,risk,误导风险,30,9,9,1,1.0,1.0,1.0,1,0.0,0.0,0.0,1,0.33165719859231046,0.33165719859231046,0.33165719859231046,1,0.8339055663587749,0.8339055663587749,0.8339055663587749,1,0.5475717946575305,0.5475717946575305,0.5475717946575305,1
